scenario,year,revenue,total_cost,gross_margin,gross_margin_pct
low,1,406370.72764553636,239399.1297161439,166971.59792939248,0.410884905260785
low,2,547163.6258794959,306225.6534086473,240937.9724708486,0.440339892995576
low,3,736736.2192159254,392791.37060971634,343944.84860620904,0.46684938195688785
base,1,469686.6817113644,254960.25691473336,214726.42479663104,0.4571694986416209
base,2,847353.8413731324,395956.3297162824,451397.51165685,0.532714303773454
base,3,1528696.8109754492,624081.2265551819,904615.5844202674,0.591756048632717
high,1,545287.2402530416,263089.33574328636,282197.90450975526,0.5175215623582183
high,2,1311862.2210836415,497067.497932787,814794.7231508546,0.6210977875998344
high,3,3156102.619067117,977807.8138581616,2178294.8052089554,0.6901850377263136
