scenario,month,customers,interactions_per_customer,interactions,tokens_k,revenue,llm_cost,compute_cost,storage_cost,network_cost,cloud_cost,other_cost,total_cost,gross_margin,cum_gross_margin,net_position,gross_margin_pct
low,1,200.0,2000.0,400000.0,1600000.0,29440.0,9120.0,4320.0,1080.0,1800.0,7200.0,1472.0,17792.0,11648.0,11648.0,-738352.0,0.39565217391304347
low,2,204.0,2009.9999999999998,410039.99999999994,1640159.9999999998,30178.943999999996,9267.187448446304,4428.432,1107.108,1845.1799999999998,7380.719999999999,1508.9471999999998,18156.854648446304,12022.089351553692,23670.08935155369,-726329.9106484463,0.39836017295879184
low,3,208.07999999999998,2020.0499999999995,420332.00399999984,1681328.0159999994,30936.435494399986,9416.750351386041,4539.585643199998,1134.8964107999996,1891.494017999999,7565.976071999998,1546.8217747199994,18529.54819810604,12406.887296293946,36076.97664784764,-713923.0233521523,0.4010444997304166
low,4,212.24160000000003,2030.1502499999992,430882.3373003999,1723529.3492015996,31712.940025309435,9568.727046218975,4653.529242844319,1163.3823107110798,1938.9705178517997,7755.882071407199,1585.6470012654718,18910.256118891648,12802.683906417788,48879.66055426543,-701120.3394457346,0.4037053611617287
low,5,216.486432,2040.3010012499992,441697.4839666399,1766789.9358665594,32508.934819944694,9723.15648907118,4770.332826839711,1192.5832067099277,1987.6386778498795,7950.554711399518,1625.4467409972349,19299.157941467933,13209.776878476761,62089.43743274219,-687910.5625672578,0.4063429623776038
low,6,220.81616064,2050.5025062562486,452784.0908142024,1811136.3632568095,33324.909083925304,9880.078264780663,4890.068180793385,1222.5170451983463,2037.5284086639108,8150.113634655643,1666.2454541962652,19696.437353632573,13628.471730292731,75717.90916303493,-674282.090836965,0.4089575067097962
low,7,225.23248385280002,2060.75501878753,464148.97149363894,1856595.8859745557,34161.364301931826,10039.532597044135,5012.808892131301,1253.2022230328253,2088.6703717213754,8354.681486885502,1708.0682150965913,20102.28229902623,14059.082002905598,89776.99116594053,-660223.0088340595,0.41154919571261256
low,8,229.737133529856,2071.0587938814674,475799.1106781292,1903196.4427125168,35018.81454591031,10201.560358727515,5138.630395323796,1284.657598830949,2141.0959980515813,8564.383992206325,1750.9407272955157,20516.885078229352,14501.929467680959,104278.92063362148,-645721.0793663785,0.414118229178451
low,9,234.33187620045314,2081.4140878508747,487741.6683561503,1950966.673424601,35897.78679101266,10366.203082342874,5267.610018246423,1316.9025045616058,2194.8375076026764,8779.350030410706,1794.889339550633,20940.44245230421,14957.344338708448,119236.26497232993,-630763.73502767,0.41666480515320115
low,10,239.01851372446222,2091.8211582901286,499983.98423188954,1999935.9369275582,36798.82123946707,10533.502970694435,5399.827029704407,1349.9567574261018,2249.927929043503,8999.711716174012,1839.9410619733535,21373.1557488418,15425.66549062527,134661.9304629552,-615338.0695370447,0.41918911995151364
low,11,243.79888399895145,2102.2802640815794,512533.58223611,2050134.32894444,37722.4716525777,10703.50290769642,5535.362688149989,1383.8406720374971,2306.401120062495,9225.60448024998,1886.1235826288848,21815.230970575285,15907.240682002412,150569.17114495763,-599430.8288550423,0.42169136817193204
low,12,248.67486167893048,2112.791665401987,525398.1751502362,2101592.700600945,38669.305691057394,10876.246469365435,5674.300291622552,1418.575072905638,2364.291788176063,9457.167152704253,1933.46528455287,22266.878906622558,16402.426784434836,166971.59792939248,-583028.4020706075,0.42417174271189556
low,13,253.6483589125091,2123.3556237289968,538585.6693465072,2154342.6773860287,39639.905263902925,11051.777934990327,5816.725228942279,1454.1813072355696,2423.6355120592825,9694.54204823713,1981.9952631951464,22728.3152464226,16911.590017480325,183883.1879468728,-566116.8120531272,0.4266304347826087
low,14,258.7213260907593,2133.9724018476413,552104.1696471045,2208416.678588418,40634.86688602689,11230.142298482257,5962.725032188729,1490.6812580471822,2484.46876341197,9937.87505364788,2031.7433443013445,23199.76069643148,17435.106189595408,201318.2941364682,-548681.7058635318,0.4290676339237823
low,15,263.8957526125745,2144.6422638568793,565961.9843052467,2263847.937220987,41654.80204486616,11411.385279907969,6112.389430496664,1528.097357624166,2546.82892937361,10187.31571749444,2082.7401022433082,23681.44109964572,17973.360945220444,219291.65508168866,-530708.3449183113,0.43148352801824463
low,16,269.173667664826,2155.3654751761637,580167.6301113084,2320670.5204452337,42700.3375761923,11595.553337209216,6265.810405202131,1566.4526013005327,2610.754335500888,10443.017342003552,2135.0168788096153,24173.587558022384,18526.750018169918,237818.4050998586,-512181.5949001414,0.4338783033064254
low,17,274.5571410181225,2166.142302552044,594729.837627102,2378919.350508408,43772.11604935471,11782.69367811128,6423.082246372703,1605.7705615931757,2676.284269321959,10705.137077287836,2188.6058024677354,24676.436557866855,19095.679491487852,256914.08459134644,-493085.91540865356,0.4362521444007129
low,18,280.04828383848496,2176.973014064804,609657.5565515424,2438630.2262061695,44870.796162193525,11972.854272223738,6584.301610756658,1646.0754026891645,2743.4590044819406,10973.836017927762,2243.5398081096764,25190.230098261174,19680.56606393235,276594.6506552788,-473405.3493447212,0.4386052342996862
low,19,285.64924951525467,2187.8578791351274,624959.9612209859,2499839.8448839434,45997.05314586456,12166.083863336456,6749.567581186648,1687.391895296662,2812.3198254944364,11249.279301977745,2299.852657293228,25715.215822607428,20281.83732325713,296876.48797853594,-453123.51202146406,0.4409377544022209
low,20,291.36223450555974,2198.797168530803,640646.4562476326,2562585.8249905305,47151.57917982577,12362.431981914116,6918.981727474433,1729.7454318686082,2882.909053114347,11531.636212457388,2357.578958991289,26251.647153362792,20899.93202646298,317776.4200049989,-432223.5799950011,0.44324988452147546
low,21,297.18947919567097,2209.7911543734567,656726.6822994482,2626906.7291977927,48335.083817239385,12561.94895779229,7092.64816883404,1773.16204220851,2955.2700703475166,11821.080281390066,2416.754190861969,26799.783430044325,21535.30038719506,339311.720392194,-410688.279607806,0.4455418028987506
low,22,303.1332687795844,2220.8401101453237,673210.5220251642,2692842.088100657,49548.29442105209,12764.685933078488,7270.673637871773,1817.6684094679433,3029.447349113239,12117.789396452956,2477.4147210526044,27359.89005058405,22188.404370468037,361500.12476266205,-388499.87523733795,0.44781368621723183
low,23,309.1959341551761,2231.9443106960503,690108.1061279958,2760432.424511983,50791.95661102049,12970.694875261412,7453.167546182354,1863.2918865455886,3105.4864775759806,12421.945910303923,2539.597830551025,27932.23861611636,22859.71799490413,384359.8427575662,-365640.1572424338,0.45006570961560843
low,24,315.37985283827965,2243.1040322495305,707429.8195918086,2829719.2783672344,52066.834721957115,13180.02859053173,7640.242051591533,1910.0605128978832,3183.434188163139,12733.736752652554,2603.341736097856,28517.10707928214,23549.727642674974,407909.5704002412,-342090.4295997588,0.45229804670157553
low,25,321.68744989504523,2254.3195524107778,725186.3080635628,2900745.2322542514,53373.712273478224,13392.74073731788,7832.012127086477,1958.0030317716194,3263.338386286033,13053.353545144131,2668.6856136739116,29114.779896135922,24258.932377342302,432168.5027775835,-317831.4972224165,0.45451086956521736
low,26,328.12119889294615,2265.591150172831,743388.4843959581,2973553.9375838325,54713.39245154252,13608.88584004032,8028.595631476348,2007.148907869087,3345.248179781812,13380.992719127247,2735.669622577126,29725.548181744696,24987.84426979782,457156.34704738134,-292843.65295261866,0.45670434879227356
low,27,334.68362287080504,2276.9191059236955,762047.5353542967,3048190.1414171867,56086.69860207624,13828.519303087754,8230.113381826404,2057.528345456601,3429.213909094335,13716.85563637734,2804.3349301038124,30349.709869568906,25736.988732507336,482893.3357798887,-267106.6642201113,0.4588786534772898
low,28,341.3772953282212,2288.303701453314,781174.9284916896,3124699.7139667585,57494.474736988355,14051.69742501889,8436.689227710247,2109.1723069275617,3515.287178212603,14061.148712850412,2874.723736849418,30987.56987471872,26506.904862269635,509400.2406421583,-240599.75935784169,0.4610339512366525
low,29,348.2048412347856,2299.7452199605796,800782.4191968307,3203129.676787323,58937.58605288674,14278.47741299345,8648.450127325772,2162.112531831443,3603.5208863857383,14414.083545542953,2946.8793026443373,31639.44026118074,27298.145791706,536698.3864338644,-213301.61356613564,0.46317040822151123
low,30,355.1689380594813,2311.2439460603828,820882.0579186713,3283528.231674685,60416.919462814214,14508.917397436073,8865.526225521651,2216.381556380413,3693.969260634021,14775.877042536085,3020.845973140711,32305.640413112873,28111.27904970134,564809.6654835657,-185190.33451643435,0.46528818913058695
low,31,362.27231682067094,2322.8001657906843,841486.1975724298,3365944.790289719,61933.38414133083,14743.076446936819,9088.050933782242,2272.0127334455606,3786.687889075934,15146.751556303738,3096.6692070665417,32986.4972103071,28946.886931023735,593756.5524145893,-156243.44758541067,0.4673874572228683
low,32,369.5177631570844,2334.4141666196374,862607.5011314978,3450430.004525991,63487.912083278236,14981.01458339224,9316.161012220176,2329.040253055044,3881.7337550917396,15526.93502036696,3174.395604163912,33682.345207923114,29805.56687535512,623562.1192899444,-126437.88071005559,0.4694683743301973
low,33,376.90811842022606,2346.0862374527355,884258.9494098983,3537035.797639593,65081.45867656852,15222.792797390744,9549.9966536269,2387.499163406725,3979.165272344542,15916.661089378167,3254.0729338284264,34393.52682059734,30687.931855971183,654250.0511459156,-95749.94885408436,0.47153110086974515
low,34,384.4462807886306,2357.8166686399986,906453.8490400865,3625815.396160346,66715.00328935037,15468.4730638463,9789.701569632934,2447.4253924082336,4079.04232068039,16316.169282721557,3335.7501644675185,35120.39251103538,31594.610778314986,685844.6619242306,-64155.33807576937,0.47357579585637816
low,35,392.1352064044032,2369.6057519831984,929205.8406509926,3716823.3626039703,68389.54987191304,15718.118357884448,10035.423079030721,2508.8557697576803,4181.426282929467,16725.705131717867,3419.477493595652,35863.300983197965,32526.248888715076,718370.9108129457,-31629.089187054313,0.4756026169149171
low,36,399.9779105324913,2381.4537807431143,952528.9072513325,3810115.62900533,70106.12757369808,15971.792670984672,10287.312198314392,2571.828049578598,4286.380082630997,17145.52033052399,3505.306378684904,36622.619380193566,33483.50819350451,751854.4190064502,1854.4190064502181,0.4776117202922875
base,1,200.0,2000.0,400000.0,1600000.0,29440.0,8640.0,4320.0,1080.0,1800.0,7200.0,1472.0,17312.0,12128.0,12128.0,-737872.0,0.41195652173913044
base,2,208.0,2020.0,420160.0,1680640.0,30923.776,8860.4727482584,4518.373143554138,1129.5932858885344,1882.655476480891,7530.621905923563,1546.1888000000001,17937.283454181965,12986.492545818037,25114.492545818037,-724885.507454182,0.41995170789679875
base,3,216.32000000000002,2040.2,441336.0640000001,1765344.2560000003,32482.33431040001,9086.571449378442,4725.855524164653,1181.4638810411632,1969.1064684019389,7876.425873607755,1624.1167155200005,18587.1140385062,13895.22027189381,39009.71281771184,-710990.2871822881,0.4277777618785519
base,4,224.9728,2060.6020000000003,463579.40162560006,1854317.6065024002,34119.443959644166,9318.439664620428,4942.865435347807,1235.7163588369517,2059.527264728253,8238.10905891301,1705.9721979822084,19262.520921515646,14856.92303812852,53866.63585584036,-696133.3641441596,0.4354386037387071
base,5,233.97171200000005,2081.20802,486943.80346753035,1947775.2138701214,35839.06393521024,9556.224618594842,5169.840378536472,1292.460094634118,2154.10015772353,8616.40063089412,1791.953196760512,19964.578446249474,15874.485488960763,69741.12134480113,-680258.8786551988,0.44293806104028316
base,6,243.33058048000004,2102.0201002000003,511485.7711622939,2045943.0846491756,37645.35275754484,9800.077292742548,5407.237945102072,1351.809486275518,2253.0158104591965,9012.063241836786,1882.2676378772421,20694.408172456573,16950.944585088266,86692.06592988939,-663307.9340701106,0.45027987104440076
base,7,253.06380369920007,2123.040301202,537264.6540288735,2149058.616115494,39542.67853652509,10050.152521200378,5655.536738878719,1413.8841847196798,2356.473641199466,9425.894564797865,1977.1339268262545,21453.181012824498,18089.497523700593,104781.56345358997,-645218.43654641,0.4574676828478259
base,8,263.18635584716804,2144.27070421402,564342.7925919287,2257371.170367715,41535.62953476596,10306.609089113006,5915.2373410493865,1478.8093352623466,2464.682225437244,9858.728901748977,2076.7814767382984,22242.11946760028,19293.51006716568,124075.07352075566,-625924.9264792444,0.4645050594698875
base,9,273.71381008105476,2165.7134112561603,592785.669338562,2371142.677354248,43629.02526331816,10569.609833453485,6186.863319339382,1546.7158298348454,2577.859716391409,10311.438865565637,2181.451263165908,23062.49996218503,20566.52530113313,144641.5988218888,-605358.4011781112,0.4713954798899618
base,10,284.662362484297,2187.3705453687217,622662.0670732254,2490648.2682929016,45827.92813658939,10839.321746416499,6470.962283551682,1617.7405708879205,2696.234284813201,10784.937139252805,2291.3964068294695,23915.655292498774,21912.272844090618,166553.87166597942,-583446.1283340206,0.4781423410367025
base,11,296.0488569836689,2209.244250822409,654044.235253716,2616176.941014864,48137.6557146735,11115.916081450003,6768.106989572147,1692.0267473930367,2820.0445789883947,11280.178315953577,2406.882785733675,24802.977183137256,23334.678531536243,189888.55019751567,-560111.4498024844,0.4847489597301532
base,12,307.8908112630157,2231.336693330633,687008.0647105034,2748032.258842014,50563.793562693056,11399.568461992485,7078.896494070332,1769.724123517583,2949.5402058626382,11798.160823450553,2528.189678134653,25725.918963577693,24837.874599115363,214726.42479663104,-535273.5752033689,0.4912185745778621
base,13,320.2064437135363,2253.6500602639394,721633.2711719128,2886533.084687651,53112.20875825279,11690.45899298499,7403.957362223826,1850.9893405559565,3084.9822342599273,12339.92893703971,2655.6104379126396,26685.99836793734,26426.21039031545,241152.63518694649,-508847.3648130535,0.49755434782608693
base,14,333.01470146207777,2276.186560866579,758003.5880389772,3032014.352155909,55789.06407966872,11988.772375228682,7743.944930900941,1935.9862327252351,3226.6437212087253,12906.574884834901,2789.453203983436,27684.80046404702,28104.2636156217,269256.8988025682,-480743.1011974318,0.5037593671671537
base,15,346.3352895205609,2298.948426475245,796206.9688761418,3184827.8755045673,58600.83290928404,12294.698022660514,8099.544629848383,2024.8861574620958,3374.8102624368257,13499.241049747305,2930.0416454642022,28723.980717872022,29876.85219141202,299133.7509939802,-450866.2490060198,0.5098366475040097
base,16,360.1887011013833,2321.9379107399973,836335.8001074992,3345343.200429997,61554.31488791195,12608.430182621514,8471.473363547468,2117.868340886867,3529.780568144778,14119.122272579112,3077.7157443955975,29805.268199596223,31749.046688315724,330882.79768229596,-419117.20231770404,0.515789132672982
base,17,374.59624914543866,2345.1572898473974,878487.1244329173,3513948.4977316693,64656.65235826272,12930.16805919405,8860.480956524796,2215.120239131199,3691.867065218665,14767.46826087466,3232.8326179131363,30930.46893798185,33726.18342028087,364608.9811025768,-385391.0188974232,0.5216196971257339
base,18,389.58009911125623,2368.608862745871,922762.8755043364,3691051.5020173457,67915.34763711916,13260.115939686348,9267.351665031138,2316.8379162577844,3861.396527096307,15445.586108385229,3395.7673818559583,32101.469429927536,35813.87820719163,400422.8593097685,-349577.1406902315,0.5273311475713854
base,19,405.1633030757065,2392.29495137333,969270.1244297551,3877080.4977190206,71338.28115802997,13598.483324344645,9692.905758136209,2423.226439534052,4038.7107325567536,16154.842930227014,3566.914057901499,33320.24031247316,38018.04084555682,438440.9001553253,-311559.0998446747,0.5329262245797386
base,20,421.3698351987348,2416.217900887063,1018121.3387010146,4072485.3548040586,74933.73052839469,13945.485059375227,10138.001171426826,2534.5002928567064,4224.167154761177,16896.668619044707,3746.686526419735,34588.84020483967,40344.890323555024,478785.79047888034,-271214.20952111966,0.5384076041465345
base,21,438.2246286066842,2440.380079895934,1069434.654171546,4277738.616686184,78710.39054702579,14301.341473360979,10603.535236642447,2650.8838091606117,4418.139681934352,17672.55872773741,3935.5195273512895,35909.41972844968,42800.97081857611,521586.76129745645,-228413.23870254355,0.5437778992216349
base,22,455.75361375095156,2464.7838806948935,1123334.160741792,4493336.642967168,82677.3942305959,14666.278517158862,11090.446490734996,2772.611622683749,4621.019371139581,18484.077484558326,4133.8697115297955,37284.22571324698,45393.168517348924,566979.9298148054,-183020.0701851946,0.5490396612010126
base,23,473.9837583009896,2489.431719501842,1179950.202443178,4719800.809772712,86844.33489981791,15040.527907367321,11599.716568000285,2899.9291420000714,4833.215236666786,19332.860946667144,4342.216744990896,38715.60559902536,48128.729300792555,615108.659115598,-134891.34088440205,0.5541953813834029
base,24,492.9431086330292,2514.3260366968607,1239419.6926463144,4957678.770585258,91221.28937876874,15424.327273454639,12132.372179095475,3033.0930447738688,5055.155074623115,20220.62029849246,4561.064468938437,40206.01204088554,51015.2773378832,666123.9364534812,-83876.0635465188,0.5592474923924582
base,25,512.6608329783504,2539.4692970638293,1301886.4451556888,5207545.780622755,95818.84236345871,15817.920308641618,12689.4871809325,3172.371795233125,5287.286325388542,21149.145301554167,4790.942118172936,41758.00772836872,54060.83463508999,720184.7710885712,-29815.22891142883,0.5641983695652174
base,26,533.1672662974844,2564.863990034468,1367501.5219915356,5470006.087966142,100648.11201857703,16221.556924634508,13272.184741620345,3318.0461854050864,5530.076975675145,22120.30790270058,5032.4056009288515,43374.27042826394,57273.84159031309,777458.6126788843,27458.612678884296,0.5690503323076922
base,27,554.4939569493838,2590.5126299348126,1436423.598699909,5745694.394799636,105720.7768643133,16635.49341030629,13881.639604820923,3470.4099012052307,5784.016502008718,23136.06600803487,5286.038843215665,45057.59826155682,60663.17860275648,838121.7912816408,88121.79128164076,0.5738056454183483
base,28,576.6737152273593,2616.417756234161,1508819.348074385,6035277.39229754,111049.10401827474,17059.99259442721,14519.080458083416,3629.770114520854,6049.616857534756,24198.467430139026,5552.455200913737,46810.91522547997,64238.18879279477,902359.9800744355,152359.98007443547,0.5784665203802405
base,29,599.7406638364536,2642.581933796502,1584863.8432173333,6339455.372869333,116645.97886079573,17495.32401254772,15185.792409931888,3796.448102482972,6327.413504138288,25309.654016553148,5832.2989430397865,48637.27697214065,68008.70188865508,970368.6819630906,220368.68196309055,0.583035116622546
base,30,623.7302903899118,2669.0077531344673,1664740.9809154873,6658963.923661949,122524.93619537987,17941.764078140037,15883.11958070012,3970.77989517503,6617.966491958384,26471.865967833535,6126.246809768993,50539.876855742565,71985.0593396373,1042353.7413027278,292353.74130272784,0.5875135427522197
base,31,648.6795020055083,2695.697830665812,1748643.926353628,6994575.705414512,128700.19297962703,18399.596258106623,16612.46781233664,4153.11695308416,6921.861588473601,27687.446353894396,6435.009648981351,52522.052260982375,76178.14071864466,1118531.8820213724,368531.88202137244,0.5919038577564798
base,32,674.6266820857286,2722.65480897247,1836775.5802418508,7347102.320967403,135186.68270580022,18869.111252767467,17375.307502643383,4343.826875660846,7239.711459434744,28958.845837738972,6759.334135290012,54587.29122579645,80599.39148000377,1199131.2735013762,449131.27350137616,0.5962080721768138
base,33,701.6117493691578,2749.8813570621946,1929349.06948604,7717396.27794416,142000.09151417256,19350.60718044005,18173.176569661704,4543.294142415426,7572.156904025711,30288.627616102844,7100.004575708628,56739.23937225152,85260.85214192103,1284392.125643297,534392.1256432971,0.6004281492551815
base,34,729.6762193439241,2777.3801706328168,2026588.2625881366,8106353.050352546,149156.89612648686,19844.389766729437,19007.68355218212,4751.92088804553,7919.8681467425495,31679.472586970198,7457.844806324343,58981.70716002397,90175.18896646288,1374567.31460976,624567.31460976,0.6045660060530706
base,35,758.8632681176812,2805.153972339145,2128728.311022579,8514913.244090317,156674.40369126183,20350.772538648616,19880.51085262857,4970.127713157142,8283.546188595239,33134.18475438095,7833.720184563092,61318.67747759266,95355.72621366917,1469923.0408234291,719923.0408234291,0.6086235145440507
base,36,789.2177988423884,2833.2055120625364,2236016.217898117,8944064.871592468,164570.79363730142,20870.077023692294,20793.418128854966,5198.354532213742,8663.924220356237,34655.69688142495,8228.539681865072,63754.31358698231,100816.4800503191,1570739.5208737482,820739.5208737482,0.6126025026804522
high,1,200.0,2000.0,400000.0,1600000.0,29440.0,7680.0,4320.0,1080.0,1800.0,7200.0,1472.0,16352.0,13088.0,13088.0,-736912.0,0.44456521739130433
high,2,212.0,2029.9999999999998,430359.99999999994,1721439.9999999998,31674.495999999996,7918.551247487603,4607.257971342997,1151.8144928357492,1919.690821392915,7678.76328557166,1583.7248,17181.039333059263,14493.456666940732,27581.456666940732,-722418.5433330593,0.4575749734720557
high,3,224.72000000000003,2060.4499999999994,463024.3239999999,1852097.2959999996,34078.590246399996,8164.512221235349,4913.617132986939,1228.4042832467348,2047.3404720778915,8189.361888311566,1703.92951232,18057.803621866915,16020.78662453308,43602.24329147382,-706397.7567085262,0.4701129509377369
high,4,238.2032,2091.356749999999,498167.87019159977,1992671.480766399,36665.15524610174,8418.113077420696,5240.3476166855535,1310.0869041713884,2183.4781736189807,8733.912694475923,1833.2577623050872,18985.283534201702,17679.87171190004,61282.11500337385,-688717.8849966262,0.48219819589553686
high,5,252.49539200000007,2122.727101249999,535978.8115391424,2143915.2461565696,39448.04052928088,8679.591121185078,5588.804011477499,1397.2010028693749,2328.6683381156254,9314.6733524625,1972.402026464044,19966.66650011162,19481.37402916926,80763.48903254312,-669236.5109674569,0.4938489660775147
high,6,267.64511552000005,2154.568007768749,576659.6033349632,2306638.413339853,42442.146805453296,8949.191028690422,5960.430979665145,1490.1077449162863,2483.5129081938107,9934.051632775241,2122.1073402726647,21005.35000173833,21436.796803714966,102200.28583625809,-647799.7141637419,0.5050827636494721
high,7,283.7038224512001,2186.88652788528,620428.0672280869,2481712.2689123475,45663.50574798719,9227.1650760731,6356.769246227312,1589.192311556828,2648.6538525947135,10594.615410378854,2283.1752873993596,22104.955773851318,23558.549974135873,125758.83581039397,-624241.164189606,0.5159163666529111
high,8,300.7260517982721,2219.689825803559,667518.5575306987,2670074.2301227944,49129.36583425941,9513.773375509465,6779.461986497406,1694.8654966243514,2824.775827707252,11299.103310829008,2456.4682917129708,23269.344978051446,25860.020856207968,151618.85666660193,-598381.143333398,0.5263658591370415
high,9,318.76961490616844,2252.9851731906124,718183.2160472787,2872732.864189115,52858.28470107971,9809.28411861391,7230.261638589584,1807.565409647396,3012.609016078993,12050.436064315974,2642.914235053986,24502.63441798387,28355.65028309584,179974.50694969777,-570025.4930503023,0.5364466600354255
high,10,337.8957918005386,2286.779950788471,772693.322145267,3090773.288581068,56870.22850989166,10113.973827397203,7711.037168816511,1927.7592922041279,3212.932153673547,12851.728614694188,2843.5114254945834,25809.213867585975,31061.014642305687,211035.52159200347,-538964.4784079965,0.5461735508395772
high,11,358.1695393085709,2321.081650050298,831340.7452960928,3325362.9811843713,61186.67885379243,10428.127613019935,8223.78182022037,2055.9454550550927,3426.5757584251546,13706.303033700618,3059.333942689622,27193.764589410173,33992.914264382256,245028.43585638574,-504971.56414361426,0.5555607021196466
high,12,379.65971166708516,2355.8978748010522,894439.5078640662,3577758.0314562647,65830.74777879528,10752.039442583196,8770.621376341649,2192.6553440854123,3654.4255734756875,14617.702293902748,3291.5373889397642,28661.279125425706,37169.46865336958,282197.9045097553,-467802.0954902447,0.5646216989402363
high,13,402.4392943671103,2391.2363429230677,962327.4665109487,3849309.866043795,70827.30153520583,11086.01241420613,9353.822974486422,2338.4557436216055,3897.426239369343,15589.70495747737,3541.3650767602917,30217.082448443794,40610.21908676204,322808.12359651737,-427191.87640348263,0.5733695652173914
high,14,426.58565202913695,2427.1048880669136,1035368.1212191298,4141472.484876519,76203.09372172796,11430.359040647789,9975.80450503098,2493.951126257745,4156.5852104295745,16626.340841718298,3810.154686086398,31866.854568452487,44336.23915327547,367144.36274979287,-382855.63725020713,0.5818167870608878
high,15,452.1807911508852,2463.511461387917,1113952.5616196617,4455810.246478647,81986.90853520711,11785.40154173864,10639.144635732258,2659.7861589330646,4432.976931555107,17731.90772622043,4099.345426760356,33616.65469471943,48370.25384048768,415514.61659028055,-334485.38340971945,0.5899753351441024
high,16,479.3116386199383,2500.4641333087357,1198501.561046594,4794006.244186376,88209.71489302933,12151.472145895425,11346.593502603826,2836.6483756509565,4727.747292751595,18910.98917100638,4410.485744651467,35472.94706155327,52736.76783147606,468251.3844217566,-281748.6155782434,0.5978566861419877
high,17,508.07033693713464,2537.9710953083663,1289467.8295300303,5157871.318120121,94904.83225341022,12528.913401001442,12101.084111680584,3025.271027920146,5042.11837986691,20168.47351946764,4745.241612670511,37442.62853313959,57462.20372027063,525713.5881420273,-224286.41185797274,0.605471843275987
high,18,538.5545571533627,2576.0406617379913,1387338.4377913591,5549353.751165437,102108.10902144403,12918.078494943242,12905.744498942695,3226.4361247356737,5377.393541226123,21509.57416490449,5105.405451072202,39533.05811091994,62575.05091052409,588288.6390525514,-161711.36094744864,0.6128313560031018
high,19,570.8678305825646,2614.681271664061,1492637.4252197237,5970549.700878895,109858.11449617168,13319.331586103599,13763.910698812448,3440.977674703112,5734.9627911718535,22939.851164687414,5492.905724808585,41752.088475599594,68106.02602057208,656394.6650731234,-93605.33492687659,0.6199453388847798
high,20,605.1199004175185,2653.9014907390215,1605928.6057939006,6423714.423175602,118196.34538643109,13733.04814412001,14679.140574989999,3669.7851437474997,6116.3085729125,24465.23429165,5909.817269321555,44108.09970509156,74088.24568133953,730482.9107544629,-19517.089245537063,0.6268234896697985
high,21,641.4270944425696,2693.710013100107,1727818.5869736576,6911274.34789463,127167.44800126119,14159.615301227714,15655.228570969235,3913.8071427423088,6523.011904570513,26092.047618282057,6358.37240006306,46610.03531957283,80557.41268168835,811040.3234361513,61040.32343615126,0.6334751066239013
high,22,679.9127201091238,2734.1156632966085,1858960.0177249585,7435840.070899834,136819.45730455697,14599.432214515793,16696.22144138765,4174.0553603469125,6956.758933911521,27827.035735646085,6840.972865227849,49267.44081538973,87552.01648916723,898592.3399253185,148592.3399253185,0.6399091051375716
high,23,720.7074833156713,2775.127398246057,2000055.0830702826,8000220.33228113,147204.05411397282,15052.910439435516,17806.435029430806,4451.6087573577015,7419.347928929503,29677.39171571801,7360.202705698641,52090.50486085217,95113.54925312064,993705.8891784392,243705.88917843916,0.6461340336420281
high,24,763.9499323146116,2816.7543092197475,2151859.263875317,8607437.055501267,158376.84182122332,15520.47431491032,18990.47215984867,4747.618039962167,7912.696733270277,31650.78693308111,7918.842091061167,55090.1033390526,103286.73848217072,1096992.6276606098,346992.6276606098,0.652158088862268
high,25,809.7869282534883,2859.0056238580437,2315185.382003453,9260741.528013812,170397.64411545417,16002.561360407868,20253.241721766208,5063.310430441552,8438.850717402587,33755.40286961035,8519.882205772708,58277.846435790925,112119.79767966324,1209112.425340273,459112.42534027295,0.6579891304347826
high,26,858.3741439486977,2901.890708215914,2490907.9524975154,9963631.809990061,183330.82530381714,16499.622685345657,21599.97902040369,5399.994755100923,8999.991258501537,35999.96503400615,9166.541265190857,61666.128984542665,121664.69631927447,1330777.1216595473,580777.1216595473,0.6636346949164216
high,27,909.8765925856195,2945.4190688391523,2679967.866092076,10719871.464368302,197245.63494437677,17012.12341121336,23036.267482082487,5759.066870520622,9598.444784201038,38393.77913680415,9862.28174721884,65268.18429523635,131977.4506491404,1462754.5723086877,712754.5723086877,0.6691020092097755
high,28,964.4691881407567,2989.6003548717395,2883377.427128465,11533509.70851386,212216.57863665503,17540.543106806857,24568.06180250325,6142.015450625812,10236.692417709688,40946.76967083875,10610.828931832752,69098.14170947837,143118.43692717666,1605873.0092358645,855873.0092358645,0.6743980034293917
high,29,1022.3373394292022,3034.444360194815,3102225.7738475148,12408903.095390059,228323.8169551771,18085.376236981185,26201.712634266307,6550.428158566577,10917.380264277628,43669.52105711051,11416.190847758857,73171.08814185056,155152.72881332657,1761025.738049191,1011025.738049191,0.6795293232321227
high,30,1083.6775797949545,3079.9610255977373,3337684.7100825417,13350738.840330167,245653.59466207508,18647.13262534246,27943.99291598657,6985.998228996643,11643.33038166107,46573.321526644286,12282.679733103754,77503.1338850905,168150.46077698458,1929176.1988261756,1179176.1988261756,0.6845023416339377
high,31,1148.6982345826516,3126.160440981703,3591014.9795778054,14364059.918311222,264298.7024969265,19226.337931311493,29802.125952160022,7450.531488040006,12417.552480066675,49670.2099202667,13214.935124846324,82111.48297642451,182187.21952050197,2111363.4183466774,1361363.4183466774,0.6893231703345976
high,32,1217.6201286576108,3173.052847596428,3863573.0165277612,15454292.066111045,284358.97401644324,19823.53414200584,31783.81536019844,7945.95384004961,13243.256400082686,52973.025600330744,14217.948700822162,87014.50844315875,197344.46557328448,2308707.8839199618,1558707.8839199618,0.6939976705706953
high,33,1290.6773363770676,3220.648640310374,4156818.208482218,16627272.833928872,305941.82014429127,20439.280079400196,33897.27700878895,8474.319252197238,14123.86542032873,56495.46168131492,15297.091007214563,92231.83276792968,213709.9873763616,2522417.8712963234,1772417.8712963234,0.6985314635167222
high,34,1368.1179765596917,3268.95836991503,4472320.710506018,17889282.842024073,329162.8042932429,21074.151923239966,36151.2730799918,9037.81826999795,15063.03044999658,60252.12179998633,16458.140214662148,97784.41393788846,231378.39035535447,2753796.261651678,2003796.261651678,0.7029299402529857
high,35,1450.2050551532734,3317.9927454637545,4811769.852433425,19247079.4097337,354146.2611391001,21728.74375019728,38555.1483962939,9638.787099073475,16064.645165122462,64258.58066048984,17707.31305695501,103694.63746764213,250451.623671458,3004247.885323136,2254247.885323136,0.707198271318433
high,36,1537.21735846247,3367.7626366457107,5176983.1842331225,20707932.73693249,381025.96235955786,22403.668089773855,41118.86916322622,10279.717290806555,17132.86215134426,68531.44860537704,19051.298117977894,109986.4148131288,271039.5475464291,3275287.432869565,2525287.432869565,0.7113414158656746
